,notebook,replicate,treatment,first rank,population size estimate at first rank,population size upper bound at first rank,population size lower bound at first rank,second rank,population size estimate at second rank,population size upper bound at second rank,population size lower bound at second rank,nonoverlapping CI,Mann-Whitney p,Mann-Whitney significant at alpha = 0.05,Mann-Whitney significant at alpha = 0.01
0,ne-inference,6,control,33,33.23514891330796,56.781598686251385,15.93754574131551,100,28.418871465011637,48.55308332908686,13.627953498015737,False,0.6297418634066412,False,False
1,ne-inference,6,control,33,33.23514891330796,56.781598686251385,15.93754574131551,166,68.35249693839644,116.77889756062348,32.777679117081334,False,0.9503994306492523,False,False
2,ne-inference,6,control,100,28.418871465011637,48.55308332908686,13.627953498015737,33,33.23514891330796,56.781598686251385,15.93754574131551,False,0.6297418634066412,False,False
3,ne-inference,6,control,100,28.418871465011637,48.55308332908686,13.627953498015737,166,68.35249693839644,116.77889756062348,32.777679117081334,False,0.6297418634066412,False,False
4,ne-inference,6,control,166,68.35249693839644,116.77889756062348,32.777679117081334,33,33.23514891330796,56.781598686251385,15.93754574131551,False,0.9503994306492523,False,False
5,ne-inference,6,control,166,68.35249693839644,116.77889756062348,32.777679117081334,100,28.418871465011637,48.55308332908686,13.627953498015737,False,0.6297418634066412,False,False
